Workbook

Sheet 종목 기본정보
A1: 종목명 | B1: A전자 | C1: B건설 | D1: C증권 | E1: D화학 | F1: E엔터
A2: 상장주식수 | B2: 10000000 | C2: 5000000 | D2: 20000000 | E2: 1000000 | F2: 1000000
A3: 유동비율 | B3: 0.75 | C3: 0.9 | D3: 0.82 | E3: 0.88 | F3: 0.5

Sheet 일자별 주가
A1: 일자 | B1: A전자 | C1: B건설 | D1: C증권 | E1: D화학 | F1: E엔터
A2: 1 | B2: 10000 | C2: 20000 | D2: 30000 | E2: 100000 | F2: 1000000
A3: 2 | B3: =RANDBETWEEN(B2*0.97, B2*1.033) -> 10281 | C3: =RANDBETWEEN(C2*0.97, C2*1.033) -> 20274 | D3: =RANDBETWEEN(D2*0.97, D2*1.033) -> 29849 | E3: =RANDBETWEEN(E2*0.97, E2*1.033) -> 102406 | F3: =RANDBETWEEN(F2*0.97, F2*1.033) -> 1013879
A4: 3 | B4: =RANDBETWEEN(B3*0.97, B3*1.033) -> 10016 | C4: =RANDBETWEEN(C3*0.97, C3*1.033) -> 20412 | D4: =RANDBETWEEN(D3*0.97, D3*1.033) -> 30065 | E4: =RANDBETWEEN(E3*0.97, E3*1.033) -> 100931 | F4: =RANDBETWEEN(F3*0.97, F3*1.033) -> 1042874
A5: 4 | B5: =RANDBETWEEN(B4*0.97, B4*1.033) -> 9737 | C5: =RANDBETWEEN(C4*0.97, C4*1.033) -> 20898 | D5: =RANDBETWEEN(D4*0.97, D4*1.033) -> 29613 | E5: =RANDBETWEEN(E4*0.97, E4*1.033) -> 100256 | F5: =RANDBETWEEN(F4*0.97, F4*1.033) -> 1055926
A6: 5 | B6: =RANDBETWEEN(B5*0.97, B5*1.033) -> 9849 | C6: =RANDBETWEEN(C5*0.97, C5*1.033) -> 21498 | D6: =RANDBETWEEN(D5*0.97, D5*1.033) -> 30382 | E6: =RANDBETWEEN(E5*0.97, E5*1.033) -> 98228 | F6: =RANDBETWEEN(F5*0.97, F5*1.033) -> 1027104
A7: 6 | B7: =RANDBETWEEN(B6*0.97, B6*1.033) -> 9971 | C7: =RANDBETWEEN(C6*0.97, C6*1.033) -> 21485 | D7: =RANDBETWEEN(D6*0.97, D6*1.033) -> 30328 | E7: =RANDBETWEEN(E6*0.97, E6*1.033) -> 98589 | F7: =RANDBETWEEN(F6*0.97, F6*1.033) -> 1037202
A8: 7 | B8: =RANDBETWEEN(B7*0.97, B7*1.033) -> 9914 | C8: =RANDBETWEEN(C7*0.97, C7*1.033) -> 20842 | D8: =RANDBETWEEN(D7*0.97, D7*1.033) -> 29926 | E8: =RANDBETWEEN(E7*0.97, E7*1.033) -> 96616 | F8: =RANDBETWEEN(F7*0.97, F7*1.033) -> 1035506
A9: 8 | B9: =RANDBETWEEN(B8*0.97, B8*1.033) -> 9958 | C9: =RANDBETWEEN(C8*0.97, C8*1.033) -> 20326 | D9: =RANDBETWEEN(D8*0.97, D8*1.033) -> 30704 | E9: =RANDBETWEEN(E8*0.97, E8*1.033) -> 96421 | F9: =RANDBETWEEN(F8*0.97, F8*1.033) -> 1010343
A10: 9 | B10: =RANDBETWEEN(B9*0.97, B9*1.033) -> 10101 | C10: =RANDBETWEEN(C9*0.97, C9*1.033) -> 20631 | D10: =RANDBETWEEN(D9*0.97, D9*1.033) -> 31562 | E10: =RANDBETWEEN(E9*0.97, E9*1.033) -> 94491 | F10: =RANDBETWEEN(F9*0.97, F9*1.033) -> 1037391
A11: 10 | B11: =RANDBETWEEN(B10*0.97, B10*1.033) -> 10234 | C11: =RANDBETWEEN(C10*0.97, C10*1.033) -> 20853 | D11: =RANDBETWEEN(D10*0.97, D10*1.033) -> 31953 | E11: =RANDBETWEEN(E10*0.97, E10*1.033) -> 95007 | F11: =RANDBETWEEN(F10*0.97, F10*1.033) -> 1063981
A12: 11 | B12: =RANDBETWEEN(B11*0.97, B11*1.033) -> 10480 | C12: =RANDBETWEEN(C11*0.97, C11*1.033) -> 20397 | D12: =RANDBETWEEN(D11*0.97, D11*1.033) -> 31955 | E12: =RANDBETWEEN(E11*0.97, E11*1.033) -> 93676 | F12: =RANDBETWEEN(F11*0.97, F11*1.033) -> 1034035
A13: 12 | B13: =RANDBETWEEN(B12*0.97, B12*1.033) -> 10466 | C13: =RANDBETWEEN(C12*0.97, C12*1.033) -> 19797 | D13: =RANDBETWEEN(D12*0.97, D12*1.033) -> 31179 | E13: =RANDBETWEEN(E12*0.97, E12*1.033) -> 96012 | F13: =RANDBETWEEN(F12*0.97, F12*1.033) -> 1025283
A14: 13 | B14: =RANDBETWEEN(B13*0.97, B13*1.033) -> 10320 | C14: =RANDBETWEEN(C13*0.97, C13*1.033) -> 19379 | D14: =RANDBETWEEN(D13*0.97, D13*1.033) -> 31311 | E14: =RANDBETWEEN(E13*0.97, E13*1.033) -> 93985 | F14: =RANDBETWEEN(F13*0.97, F13*1.033) -> 1050386
... A253: 252 | B253: =RANDBETWEEN(B252*0.97, B252*1.033) -> 21993 | C253: =RANDBETWEEN(C252*0.97, C252*1.033) -> 44021 | D253: =RANDBETWEEN(D252*0.97, D252*1.033) -> 38757 | E253: =RANDBETWEEN(E252*0.97, E252*1.033) -> 199587 | F253: =RANDBETWEEN(F252*0.97, F252*1.033) -> 1866221

Sheet 일자별 시가총액
A1: 일자 | B1: A전자 | C1: B건설 | D1: C증권 | E1: D화학 | F1: E엔터 | G1: 합계 | H1: 지수
A2: 1 | B2: ='일자별 주가'!B2*'종목 기본정보'!B$2*'종목 기본정보'!B$3 -> 75000000000 | C2: ='일자별 주가'!C2*'종목 기본정보'!C$2*'종목 기본정보'!C$3 -> 90000000000 | D2: ='일자별 주가'!D2*'종목 기본정보'!D$2*'종목 기본정보'!D$3 -> 492000000000 | E2: ='일자별 주가'!E2*'종목 기본정보'!E$2*'종목 기본정보'!E$3 -> 88000000000 | F2: ='일자별 주가'!F2*'종목 기본정보'!F$2*'종목 기본정보'!F$3 -> 500000000000 | G2: =SUM(A2:F2) -> 1245000000001 | H2: =G2/G$2*100 -> 100
A3: 2 | B3: ='일자별 주가'!B3*'종목 기본정보'!B$2*'종목 기본정보'!B$3 -> 77107500000 | C3: ='일자별 주가'!C3*'종목 기본정보'!C$2*'종목 기본정보'!C$3 -> 91233000000 | D3: ='일자별 주가'!D3*'종목 기본정보'!D$2*'종목 기본정보'!D$3 -> 489523600000 | E3: ='일자별 주가'!E3*'종목 기본정보'!E$2*'종목 기본정보'!E$3 -> 90117280000 | F3: ='일자별 주가'!F3*'종목 기본정보'!F$2*'종목 기본정보'!F$3 -> 506939500000 | G3: =SUM(A3:F3) -> 1254920880002 | H3: =G3/G$2*100 -> 100.79686
A4: 3 | B4: ='일자별 주가'!B4*'종목 기본정보'!B$2*'종목 기본정보'!B$3 -> 75120000000 | C4: ='일자별 주가'!C4*'종목 기본정보'!C$2*'종목 기본정보'!C$3 -> 91854000000 | D4: ='일자별 주가'!D4*'종목 기본정보'!D$2*'종목 기본정보'!D$3 -> 493066000000 | E4: ='일자별 주가'!E4*'종목 기본정보'!E$2*'종목 기본정보'!E$3 -> 88819280000 | F4: ='일자별 주가'!F4*'종목 기본정보'!F$2*'종목 기본정보'!F$3 -> 521437000000 | G4: =SUM(A4:F4) -> 1270296280003 | H4: =G4/G$2*100 -> 102.03183
A5: 4 | B5: ='일자별 주가'!B5*'종목 기본정보'!B$2*'종목 기본정보'!B$3 -> 73027500000 | C5: ='일자별 주가'!C5*'종목 기본정보'!C$2*'종목 기본정보'!C$3 -> 94041000000 | D5: ='일자별 주가'!D5*'종목 기본정보'!D$2*'종목 기본정보'!D$3 -> 485653200000 | E5: ='일자별 주가'!E5*'종목 기본정보'!E$2*'종목 기본정보'!E$3 -> 88225280000 | F5: ='일자별 주가'!F5*'종목 기본정보'!F$2*'종목 기본정보'!F$3 -> 527963000000 | G5: =SUM(A5:F5) -> 1268909980004 | H5: =G5/G$2*100 -> 101.92048
A6: 5 | B6: ='일자별 주가'!B6*'종목 기본정보'!B$2*'종목 기본정보'!B$3 -> 73867500000 | C6: ='일자별 주가'!C6*'종목 기본정보'!C$2*'종목 기본정보'!C$3 -> 96741000000 | D6: ='일자별 주가'!D6*'종목 기본정보'!D$2*'종목 기본정보'!D$3 -> 498264800000 | E6: ='일자별 주가'!E6*'종목 기본정보'!E$2*'종목 기본정보'!E$3 -> 86440640000 | F6: ='일자별 주가'!F6*'종목 기본정보'!F$2*'종목 기본정보'!F$3 -> 513552000000 | G6: =SUM(A6:F6) -> 1268865940005 | H6: =G6/G$2*100 -> 101.91694
A7: 6 | B7: ='일자별 주가'!B7*'종목 기본정보'!B$2*'종목 기본정보'!B$3 -> 74782500000 | C7: ='일자별 주가'!C7*'종목 기본정보'!C$2*'종목 기본정보'!C$3 -> 96682500000 | D7: ='일자별 주가'!D7*'종목 기본정보'!D$2*'종목 기본정보'!D$3 -> 497379200000 | E7: ='일자별 주가'!E7*'종목 기본정보'!E$2*'종목 기본정보'!E$3 -> 86758320000 | F7: ='일자별 주가'!F7*'종목 기본정보'!F$2*'종목 기본정보'!F$3 -> 518601000000 | G7: =SUM(A7:F7) -> 1274203520006 | H7: =G7/G$2*100 -> 102.34566
A8: 7 | B8: ='일자별 주가'!B8*'종목 기본정보'!B$2*'종목 기본정보'!B$3 -> 74355000000 | C8: ='일자별 주가'!C8*'종목 기본정보'!C$2*'종목 기본정보'!C$3 -> 93789000000 | D8: ='일자별 주가'!D8*'종목 기본정보'!D$2*'종목 기본정보'!D$3 -> 490786400000 | E8: ='일자별 주가'!E8*'종목 기본정보'!E$2*'종목 기본정보'!E$3 -> 85022080000 | F8: ='일자별 주가'!F8*'종목 기본정보'!F$2*'종목 기본정보'!F$3 -> 517753000000 | G8: =SUM(A8:F8) -> 1261705480007 | H8: =G8/G$2*100 -> 101.34181
A9: 8 | B9: ='일자별 주가'!B9*'종목 기본정보'!B$2*'종목 기본정보'!B$3 -> 74685000000 | C9: ='일자별 주가'!C9*'종목 기본정보'!C$2*'종목 기본정보'!C$3 -> 91467000000 | D9: ='일자별 주가'!D9*'종목 기본정보'!D$2*'종목 기본정보'!D$3 -> 503545600000 | E9: ='일자별 주가'!E9*'종목 기본정보'!E$2*'종목 기본정보'!E$3 -> 84850480000 | F9: ='일자별 주가'!F9*'종목 기본정보'!F$2*'종목 기본정보'!F$3 -> 505171500000 | G9: =SUM(A9:F9) -> 1259719580008 | H9: =G9/G$2*100 -> 101.1823
A10: 9 | B10: ='일자별 주가'!B10*'종목 기본정보'!B$2*'종목 기본정보'!B$3 -> 75757500000 | C10: ='일자별 주가'!C10*'종목 기본정보'!C$2*'종목 기본정보'!C$3 -> 92839500000 | D10: ='일자별 주가'!D10*'종목 기본정보'!D$2*'종목 기본정보'!D$3 -> 5.176168e+11 | E10: ='일자별 주가'!E10*'종목 기본정보'!E$2*'종목 기본정보'!E$3 -> 83152080000 | F10: ='일자별 주가'!F10*'종목 기본정보'!F$2*'종목 기본정보'!F$3 -> 518695500000 | G10: =SUM(A10:F10) -> 1288061380009 | H10: =G10/G$2*100 -> 103.45875
A11: 10 | B11: ='일자별 주가'!B11*'종목 기본정보'!B$2*'종목 기본정보'!B$3 -> 76755000000 | C11: ='일자별 주가'!C11*'종목 기본정보'!C$2*'종목 기본정보'!C$3 -> 93838500000 | D11: ='일자별 주가'!D11*'종목 기본정보'!D$2*'종목 기본정보'!D$3 -> 5.240292e+11 | E11: ='일자별 주가'!E11*'종목 기본정보'!E$2*'종목 기본정보'!E$3 -> 83606160000 | F11: ='일자별 주가'!F11*'종목 기본정보'!F$2*'종목 기본정보'!F$3 -> 531990500000 | G11: =SUM(A11:F11) -> 1310219360010 | H11: =G11/G$2*100 -> 105.2385
A12: 11 | B12: ='일자별 주가'!B12*'종목 기본정보'!B$2*'종목 기본정보'!B$3 -> 78600000000 | C12: ='일자별 주가'!C12*'종목 기본정보'!C$2*'종목 기본정보'!C$3 -> 91786500000 | D12: ='일자별 주가'!D12*'종목 기본정보'!D$2*'종목 기본정보'!D$3 -> 5.24062e+11 | E12: ='일자별 주가'!E12*'종목 기본정보'!E$2*'종목 기본정보'!E$3 -> 82434880000 | F12: ='일자별 주가'!F12*'종목 기본정보'!F$2*'종목 기본정보'!F$3 -> 517017500000 | G12: =SUM(A12:F12) -> 1293900880011 | H12: =G12/G$2*100 -> 103.92778
A13: 12 | B13: ='일자별 주가'!B13*'종목 기본정보'!B$2*'종목 기본정보'!B$3 -> 78495000000 | C13: ='일자별 주가'!C13*'종목 기본정보'!C$2*'종목 기본정보'!C$3 -> 89086500000 | D13: ='일자별 주가'!D13*'종목 기본정보'!D$2*'종목 기본정보'!D$3 -> 511335600000 | E13: ='일자별 주가'!E13*'종목 기본정보'!E$2*'종목 기본정보'!E$3 -> 84490560000 | F13: ='일자별 주가'!F13*'종목 기본정보'!F$2*'종목 기본정보'!F$3 -> 512641500000 | G13: =SUM(A13:F13) -> 1276049160012 | H13: =G13/G$2*100 -> 102.49391
... A253: 252 | B253: ='일자별 주가'!B253*'종목 기본정보'!B$2*'종목 기본정보'!B$3 -> 164947500000 | C253: ='일자별 주가'!C253*'종목 기본정보'!C$2*'종목 기본정보'!C$3 -> 198094500000 | D253: ='일자별 주가'!D253*'종목 기본정보'!D$2*'종목 기본정보'!D$3 -> 635614800000 | E253: ='일자별 주가'!E253*'종목 기본정보'!E$2*'종목 기본정보'!E$3 -> 175636560000 | F253: ='일자별 주가'!F253*'종목 기본정보'!F$2*'종목 기본정보'!F$3 -> 933110500000 | G253: =SUM(A253:F253) -> 2107403860252 | H253: =G253/G$2*100 -> 169.26939
